<?xml version="1.0" encoding="UTF-8"?>
<project-private xmlns="http://www.netbeans.org/ns/project-private/1">
    <editor-bookmarks xmlns="http://www.netbeans.org/ns/editor-bookmarks/2" lastBookmarkId="0"/>
    <open-files xmlns="http://www.netbeans.org/ns/projectui-open-files/2">
        <group>
            <file>file:/C:/Users/User/Desktop/Project_Man_Sys/src/SIGNIN.java</file>
            <file>file:/C:/Users/User/Desktop/Project_Man_Sys/src/TICKET.java</file>
            <file>file:/C:/Users/User/Desktop/Project_Man_Sys/src/EmailValidator.java</file>
            <file>file:/C:/Users/User/Desktop/Project_Man_Sys/src/SqlConnectionTest.java</file>
            <file>file:/C:/Users/User/Desktop/Project_Man_Sys/src/ADMINTYPE.java</file>
            <file>file:/C:/Users/User/Desktop/Project_Man_Sys/src/CHECKIN.java</file>
            <file>file:/C:/Users/User/Desktop/Project_Man_Sys/src/DBConnection.java</file>
            <file>file:/C:/Users/User/Desktop/Project_Man_Sys/src/WELCOME.java</file>
            <file>file:/C:/Users/User/Desktop/Project_Man_Sys/src/MAIN.java</file>
            <file>file:/C:/Users/User/Desktop/Project_Man_Sys/src/SECEK.java</file>
            <file>file:/C:/Users/User/Desktop/Project_Man_Sys/src/LOGIN.java</file>
            <file>file:/C:/Users/User/Desktop/Project_Man_Sys/src/BOOKING.java</file>
            <file>file:/C:/Users/User/Desktop/Project_Man_Sys/src/PILOT.java</file>
        </group>
    </open-files>
</project-private>
